home_size,num_residents,num_appliances,insulation_rating,avg_temp,energy_consumption
1660,2,8,1,2.744112445744115,4027.967124503647
4572,5,6,1,27.126541642021074,5305.413213784094
3892,1,24,6,-6.168209676237559,4826.233350455141
1266,1,20,5,33.631790127341766,2362.534644727619
4244,1,22,8,31.40584145031714,3928.1277993378985
3971,1,12,2,0.8030058122383199,4682.059611724731
3719,1,7,4,30.46621991426312,3535.5409535457443
930,5,13,8,29.317886653074076,1977.236969097433
2485,3,24,6,21.61082988769745,4047.69215928512
1569,2,10,1,8.676008844984377,3930.077924877311
3191,1,14,4,3.574937709093394,4099.831506324421
3233,3,25,1,1.5891795144675012,4949.234251648604
1984,3,14,2,5.930448138180358,3882.822797277632
4185,2,17,5,35.17792217162652,4250.208243412794
4917,5,21,8,-6.117961200560936,5214.892302325194
3704,4,13,8,31.44356381264793,2822.162143423183
1274,4,21,3,7.44450375209118,3396.13353321751
1882,3,28,4,16.07996980056791,4178.053349035878
3358,2,13,10,29.724281682424532,2217.397216036776
2847,4,13,6,34.21882735114856,2900.8845147257553
3547,3,5,10,7.2390710036323505,2980.500898562149
1775,5,6,3,13.092174063755515,3786.328152849592
2606,4,20,2,10.725803240839614,4463.273327072318
989,3,5,6,-9.337448324804473,2617.8208742124375
3534,3,14,5,4.797144442932829,4248.783111346035
3805,1,22,10,12.959461686628092,3394.049534858483
2699,5,12,5,10.55468044402199,3850.58593396645
2067,1,25,10,26.096461375783974,2688.520450836367
2328,2,15,5,9.240180861055162,3327.019078760018
4002,1,27,10,14.468822448533512,3304.04029067451
4356,1,6,5,11.480429606618166,4455.394387948765
4690,4,12,3,27.03130744471853,5131.200428452644
1446,3,26,7,33.148619949348124,2528.936239638218
3688,5,12,6,16.59445395037571,4052.8005236252716
3235,1,21,4,29.471609709759562,4281.278455180642
1400,5,19,2,4.839334100992529,4477.926501337961
3163,1,21,9,17.068480507863434,3328.7343828215166
2861,2,27,1,7.261497683498622,5184.201978852505
1041,1,28,4,10.710046278591516,4124.490251946757
2841,4,17,1,26.62069324063343,4604.34379692517
3624,3,23,6,34.08312411663564,3825.84973987108
3412,2,9,4,-3.9252304456117297,4495.827327565913
2163,1,16,5,21.731962824369024,3175.6783360980457
2278,5,5,5,19.107190378889925,3211.795510598288
3356,2,27,9,-4.079248041203406,4170.52972130143
1575,2,9,1,0.594716522005454,3974.638341689964
4814,1,12,2,5.550124736634013,4902.460629247558
834,2,17,6,-1.6534464591249272,2464.7370130314957
3952,5,12,5,2.186474126217089,5062.510334445734
2755,2,29,7,3.380039943085375,4234.7745696750435
2385,5,27,3,6.7836916519529815,5138.0803501835135
4743,1,15,3,27.469522640057953,4144.181781145553
3873,3,5,10,18.595610192530035,3034.59272876375
1821,2,17,2,39.312333597570074,3217.8076344418682
4261,3,23,3,10.73679134837355,5123.898722989815
3413,5,28,10,27.69325369184625,3633.622975873479
4643,2,7,1,33.57342106882669,4306.6375154607085
2300,4,28,5,23.948924651902097,4070.501997494276
961,3,21,5,10.593237020874799,3177.7337554781584
2781,2,9,7,27.679731537287644,3005.024140824412
1795,3,24,4,0.18335688863424338,4647.836212869156
4142,2,25,3,6.377608259006621,5837.902572672342
4598,1,12,1,17.33426275496444,4372.960251081876
2075,3,18,8,18.770469364307417,2581.540563760866
1816,4,8,3,-8.892926226368527,3203.392495380662
1137,4,15,2,37.255709437800434,2815.323128913482
1678,5,24,4,24.831363560869498,3647.5172655114607
1876,2,19,3,14.785187511594554,3915.4647343361917
4793,3,23,1,36.65636172041542,5357.39279524393
1179,5,11,3,11.954778262541424,3252.783413464578
1292,3,23,2,39.02177851351859,3570.093834689557
2862,2,23,8,15.614237862174257,2955.9223491941716
4684,4,15,6,-4.285711500101027,4726.136284112861
864,1,9,9,28.24004862296386,1066.132039795511
3368,4,9,8,23.944886253892022,2994.3816783327566
2827,5,26,10,28.649336065279336,3263.599475762077
3495,1,12,3,37.57210143628405,4146.252908194231
2295,5,14,5,28.824465132550905,3643.51154567331
1191,2,10,7,20.566830110832342,1853.3703904357726
4361,1,19,5,32.86544511804205,4094.7923798037186
3078,5,20,8,23.662321967726577,3466.9218195178314
3899,2,21,5,10.405952841296155,4437.135188217853
1000,4,12,1,34.280988212088666,3296.1349835045
3904,2,12,5,1.0950230392186437,3772.165673324355
3254,3,29,4,25.732063745436207,4926.573041493221
4445,2,13,6,34.07817274703785,4299.00178227385
1604,2,6,3,26.565825985164814,2689.7313180951587
3531,3,19,5,24.863770952692846,4031.4152534107943
3573,5,22,2,27.631914703591804,5080.974980090766
2370,5,7,6,13.252762415032219,3475.7605447874184
3490,2,21,6,33.7085341078513,3623.5412027978014
4640,3,8,5,0.1718237568045602,4896.74707469443
1828,3,8,6,-3.6306791999830352,3233.161985735633
1302,4,18,7,4.275439005925577,3773.974653082895
1670,5,13,5,16.578869838749657,3154.823998676318
1006,1,13,1,15.528089770466906,2749.638070274412
2284,5,29,8,31.029937883829334,3041.519506117759
1663,5,27,4,10.228432820200869,4280.5098148160305
3590,4,22,9,14.217221314575433,4119.020201914716
1363,1,14,10,-9.331615837030219,2072.3795746143874
4991,4,25,6,10.486961822146952,5266.481028594462
2557,1,8,1,22.388711647517106,3936.1785882491304
2478,2,16,3,-9.22458346867039,4133.92188910987
4042,1,12,3,4.044098259312188,4456.73721505531
1859,4,6,10,0.39781796446949613,1871.2256344275318
2522,5,26,4,-7.9007285545205885,5372.48299895518
4114,1,17,6,13.963004495726874,4590.241753624373
3957,1,25,7,-0.9138353385921754,4072.9522099239252
3425,3,20,10,27.154076981569006,3026.762810672153
3529,5,6,4,32.39639418816743,4138.749808756134
2397,2,15,6,17.27925913345739,3322.5233724175237
3860,4,14,1,39.08536712605708,4501.5208875791295
3493,2,19,8,12.523928573529766,3182.172792646135
4427,5,21,7,15.668410511245774,4996.015155321944
2163,1,12,9,39.46088769788751,1900.4368105255992
2781,1,22,3,1.5774217982524412,4117.055647712425
2463,5,27,2,37.12729698384526,4895.921376485591
2329,1,13,1,-7.8581222440443375,3991.541376353526
2838,1,29,3,12.319344513159738,4656.467263486582
4102,1,12,5,-6.499824393346712,4401.6120768552955
3037,4,18,2,26.46173714568215,4974.779655740708
2106,4,29,3,20.42044679400089,4416.277206555937
4829,3,22,4,25.331713173379818,5028.472930642186
3475,2,26,7,8.724019998400848,3854.0960965626746
2082,5,24,3,8.474096701569014,4379.398762251038
1509,5,24,9,-7.73403605195527,3163.9920827749124
4548,5,25,8,7.497246976481989,4644.488350668952
1463,3,16,4,36.464420113102975,2904.096955205502
2798,4,23,1,8.96132685902245,4439.520547066773
4245,3,18,1,31.568385311098496,4638.063220152961
4543,5,21,1,32.1162752374967,5545.86883316792
2295,2,28,1,8.662057818961692,5010.635248551946
4104,1,25,8,21.599434019809454,3899.9814800106424
4563,4,7,3,-5.2314198863470684,5123.890050791453
2653,4,27,6,-4.816070963286175,4450.086435169148
2091,3,11,3,-7.567116816914334,4041.290955369388
4381,4,21,5,19.050754668755474,4989.727572703556
4257,5,16,7,11.303548881304852,4530.569140980201
2436,5,13,2,17.401617833212004,4013.280119898211
4496,3,19,6,16.05365952541939,4851.455231366497
3799,5,22,6,7.510149554536515,4796.429617260265
3952,2,25,3,23.873670741173648,5318.1907720784575
1498,3,17,6,27.925094045819534,3170.3598484637337
2960,2,25,10,-9.268587056116214,3282.5537247103503
4897,1,12,10,0.3621149884439152,3483.549438570509
1654,2,18,5,25.661793404166843,3257.828543907828
4274,1,12,2,9.33100863169171,4350.912101327482
2507,1,18,9,23.12419734708041,3017.0691418664037
3577,2,11,8,7.348132986727922,3288.3726818216423
2533,3,27,3,9.537757616481855,4898.254758203068
4310,5,16,8,-2.0660563155157536,4461.403927452082
1002,5,15,9,2.9115509833080004,2075.0521219987336
4055,1,26,3,20.270587875379363,5338.751623132006
1566,1,26,3,11.658155565758321,4775.0537978460325
3127,3,15,2,28.715134147229755,4084.6948341486973
3731,4,29,8,32.62924774691714,3966.2074798080844
997,2,26,10,17.082320910837993,1462.1237188031225
2730,1,17,1,27.913364602802957,4562.183578980777
4382,5,22,8,5.3452256597285,4957.625083658031
1408,3,6,7,10.748560770003909,1769.0136259834476
4072,2,25,7,25.63888381084155,3553.7566851691035
1947,3,19,3,9.310599640851535,3452.51862223339
4197,2,24,1,19.42524675794944,5703.545802452857
3311,2,22,4,-0.7313610458744257,4993.624646801713
2594,1,19,9,19.9885657485249,2470.2285017188656
1459,3,23,5,33.07568536134468,3267.7643021879458
3611,3,27,1,33.431981991171284,5234.52349647392
2169,5,28,5,26.217220316476983,3949.9746816141947
2786,5,16,8,27.287668953806303,3438.3056689294635
946,1,17,8,17.896372257535035,1703.5918744808876
4019,1,26,5,19.233404508291237,4969.093673912344
3711,4,15,9,-3.3174709294740996,3653.2929523851762
2534,5,9,1,12.192959421065055,4907.601816168813
2643,2,5,4,12.538814194318192,3019.1319090691964
1288,3,28,3,37.92489178338701,3480.030540752222
3776,1,7,2,11.554343131164472,4324.489278639417
2759,3,26,8,17.467132245137883,3645.8529194439875
3185,3,23,7,16.662569963955125,4056.497150906326
3719,4,27,9,21.83808585221636,3587.0335574816695
2602,5,11,2,27.411641566594795,3991.573446194114
4861,1,16,4,1.2520938085436057,5146.897635749944
4169,3,19,6,16.436220954921787,4247.454113693127
1062,1,29,3,31.295885365801524,3576.299877921795
1423,2,9,8,13.155735691875574,1694.4743121161544
1816,4,19,3,3.922877318678651,4081.606286911222
4443,2,12,2,22.735453767814953,4540.835687322601
2849,1,14,3,31.18836978995615,3503.7033253361715
4523,1,20,6,-6.842985353630434,5332.470345048969
3908,5,12,2,28.839524170361358,5117.146234439993
4890,3,5,8,31.08239664808856,3754.4770052125946
2856,3,16,1,13.076146379430341,4527.799888387138
3970,2,9,7,39.16528284092337,3323.9798262215945
2482,4,7,2,29.335417035365452,3638.0002973704322
3055,3,5,10,28.68312824478329,2117.5143461552366
1954,5,8,6,27.391928720603588,2705.953021302177
3991,2,12,2,-2.4695948390863,5572.417253995463
2496,2,7,2,0.8615443226505413,4390.520695213928
4791,5,14,10,13.19950657322125,4154.978794069704
2448,4,6,8,3.200217497973293,2808.9053603873463
2245,5,15,2,10.762048616702021,4369.127255142328
4999,4,29,7,34.42320549614603,5020.2058714384
4723,5,14,3,31.216344593963463,4780.690434564524
1053,5,25,8,21.501993923999112,3127.954836309369
3983,1,18,7,32.90601971255518,3257.006072316024
3357,2,11,8,29.18861945086246,2962.2807173819724
898,5,6,7,11.449246592044524,1533.1004032213204
3000,5,13,6,0.053257602497255974,3883.749289969416
3761,3,20,7,15.710052000466959,4689.6020998664935
4577,2,17,5,26.811444126427503,4713.128565789023
3669,3,13,7,11.820979936479652,4208.720936250764
4034,2,24,1,23.33859548919486,5150.035790009788
4591,3,8,1,-5.283628685447819,5532.304424749087
1756,5,26,9,27.40023681857017,3314.592939556888
4867,5,14,5,30.6356809946531,4810.714860518551
960,1,26,5,25.341892789027057,3125.7319074269544
2100,3,16,3,38.36317937631828,3871.9110035726535
4787,4,21,5,31.332602873032023,4504.711452855181
2327,1,18,3,35.154686393826914,3405.134860289811
2018,3,18,9,36.6785541728824,1749.2032477415457
3904,3,29,9,30.067399593690425,3572.120192545511
3535,1,6,6,23.712942100324952,3415.4967756471924
1754,5,25,1,-9.714070931960535,4946.076638781574
4246,3,29,7,13.291287661156236,5027.831523014404
1845,5,24,7,18.55811493111805,3948.883213968063
2493,1,15,10,5.201513622399981,2539.088275054419
4236,5,20,10,5.905222345173604,4255.854585036472
1362,2,23,4,38.05797078550826,3292.8342231527104
3285,4,27,8,34.58554326013729,3334.3406158772846
4154,3,10,6,32.45895027508521,3442.885290907982
1025,4,28,4,10.30059008530553,3605.3898347923487
1759,5,23,4,-9.315072479554273,4354.784516566177
3867,3,9,2,-5.988887677214296,5218.110962968615
1615,5,8,2,5.609818410880184,3616.7446124997086
3920,2,19,4,-9.212854350216151,5083.711118924778
816,1,8,5,-9.142510904240094,2378.1117330054312
2043,3,24,8,35.83016508212055,3172.8233477176996
3005,2,14,6,25.307925105952705,3132.808500813945
3324,2,28,4,5.447799503407634,5409.938175504833
1869,3,26,7,-3.3677711199523417,3820.134150553855
4244,5,7,8,15.581785894753857,3238.2644087159993
3365,2,9,2,-9.732691957281776,4675.845815181948
1860,4,10,7,36.9206871929072,1972.7532079020064
3127,2,25,2,10.74075596944736,5175.489693824498
4220,5,26,2,10.116747761866637,5829.256210064607
1101,5,12,8,9.529680379089108,2508.869468926424
1406,4,11,2,-6.533583480611762,3872.8657365982663
3970,2,25,9,21.91611198959133,3630.075069049176
1499,5,14,1,26.65018098141767,3524.4097774869583
1939,3,10,9,23.806269879414515,2344.2414834581687
990,1,18,1,-3.078225333530284,3904.618576130696
3100,1,8,10,18.942008401779628,2176.752563854892
1780,1,29,10,18.474224208612693,2611.051346295098
3775,2,17,2,33.4205393970691,4265.430674012885
1984,4,24,6,8.95638291878235,3719.466913591545
4127,5,21,6,8.574297182971712,4903.703000748612
4194,3,27,1,20.92635293590928,5418.231841564785
927,3,11,7,21.65363267497565,1813.6217485767247
2865,2,8,8,13.46426136628952,3176.700000761012
2616,1,18,2,12.152968116521055,4156.113677829712
1369,2,7,8,14.707383531894134,1774.8840866849146
2695,4,28,9,33.05226497516559,2883.2932188289055
3533,4,9,6,13.058345062695501,4010.536389988362
4663,5,20,5,36.99658959849112,4374.790463976925
4814,5,27,9,15.200188179816301,4748.408438115236
3701,4,24,9,37.46003465904457,2988.8437860241315
2486,4,8,1,31.641595093453788,4055.619938240159
3809,4,28,3,8.121566130791457,5895.125550469745
954,2,28,9,33.1820710648308,2358.7146823467883
3337,4,6,2,-4.496835789944239,4198.092676377296
2209,3,22,4,36.252358767150724,3831.0814678297547
4857,1,23,4,21.582175754144583,4798.651785025002
1584,4,23,2,-7.28046257388444,4336.317687861206
3975,1,21,3,22.212836182540578,4578.204962621893
3606,2,18,3,38.71238270723781,4007.7420438512972
1337,1,23,1,-6.509967269268554,4297.184750031284
2641,2,26,6,17.734385489004314,4247.914564591322
3255,3,28,8,27.389717487968625,4383.253449173416
1324,2,17,3,30.51292933497657,2691.000452095629
3750,2,16,5,10.691373266039793,4054.5228163818274
4931,5,10,1,0.20832795841215024,5904.157941645244
4915,4,25,10,-7.882886061380808,4748.542773946448
3168,4,8,7,18.986307854861238,3324.0934676863303
4647,3,23,10,12.645553513380541,4395.384536516128
3501,3,20,1,37.43721975748555,4926.565387531302
1771,4,17,9,-6.96975461425451,3257.8151626400395
1966,5,8,8,24.269767172300284,2895.333312829911
3574,4,27,7,-8.751688893997141,4435.34959300511
2782,5,21,10,-1.4282911644728635,4013.598460875842
1653,3,27,7,12.678949996141707,3299.0235098502426
4946,1,5,5,12.743622140143412,4403.66512339982
4536,3,22,5,24.285027146682197,4473.3995885825225
4569,3,24,5,35.51065174338783,4401.73804756426
1374,2,21,1,21.95160794574604,4096.603028529687
4061,2,19,8,37.67675489257544,2848.3458953235377
1948,2,15,1,34.08078199389988,3939.2169836084963
2515,2,29,4,19.224989776539513,4700.989255171687
4654,5,26,9,31.689597545941368,4346.54350522986
3291,4,17,9,22.128880516181702,3295.4507003499334
3460,1,5,5,-6.072108453813643,3551.351325603737
3924,3,21,4,27.028236162975496,4773.77009746159
3851,5,10,3,-5.254577936632689,5134.891132654881
804,1,8,3,19.70413902848562,2231.4656006231407
1676,5,24,5,25.132010292911446,3517.9158091153136
1791,5,20,10,-6.673619589457238,3081.1717643804036
4942,3,19,1,1.5397326963265883,5972.364687117712
1435,4,19,5,35.78361161308249,2542.9543437333577
2493,2,10,6,20.815724611644818,3139.891600342272
2482,4,19,7,2.3143009405265786,3671.6608444189
919,3,18,9,24.533988557400328,1973.4296616199863
1630,3,15,3,19.83882099808448,3294.7436038190826
4475,3,11,2,15.078784995897418,5128.505742273648
2169,1,13,3,38.80934874940419,3117.921880326337
1540,4,20,9,24.172688870375445,2850.3815393316168
916,4,9,7,8.772055483395633,2476.7385042137826
3638,5,29,9,30.0036716038434,3908.121247371999
1950,5,24,2,34.22916464605939,3968.5016618280442
2731,5,14,5,-3.7389720241584286,4500.065245658162
1812,3,22,4,0.027648892263323788,4020.674192518796
2464,4,7,2,0.8113504563889844,4114.257720893354
1881,3,17,9,24.560590469327018,2347.6967087256576
1312,1,15,9,20.151977752664166,1782.4781317495779
3649,5,21,6,20.949578234929408,4309.146737032451
1359,3,26,6,37.03866498447505,3516.5889691302723
4472,3,17,8,28.795576640365297,3495.741850954387
4143,1,10,6,-3.603153774410841,3899.211812259734
4870,2,21,1,7.3753541212590505,6352.790243021094
2270,4,17,4,11.76968230878678,3837.1650384757427
1380,2,23,7,9.798079437380245,2908.8520260299265
3094,5,25,2,23.465430458093962,5338.150547870151
3947,3,23,9,34.594655162828126,3105.548211558912
2479,1,14,8,5.302573176139401,3179.8848652532333
4306,1,7,8,17.593856821059283,3264.8077923752776
3544,4,18,7,29.47047109567928,3822.0312173360076
4156,2,23,4,10.810902942267468,5145.591227730289
4845,4,9,2,-1.5940935800352065,5315.987095655913
2043,3,9,3,13.747548263187412,3811.904168781224
3918,4,24,6,-7.238873962848577,4938.7361658135505
2941,1,21,5,37.11917270011384,3600.7712516973456
3859,1,25,8,-6.258939740251348,4775.996140463768
3759,5,14,6,11.922835762528909,4654.7137947033625
3065,5,9,6,16.49406305442631,3472.480838129266
3279,3,8,1,39.26519161436428,4093.136749985018
2435,2,10,4,-1.6989088178569602,3643.6315392960532
2557,4,8,5,-4.278424069382072,4515.2073495682735
2870,3,11,3,-9.564692646872821,4710.331654699602
3649,5,11,9,-2.221428156534885,3744.146093881778
4051,4,22,1,0.36364895338338066,6011.995672969655
4530,5,7,6,21.529047079154616,4206.550683050728
3289,4,5,6,0.9853395195700205,3805.8162718436442
2431,2,28,10,-8.97395926353374,3522.9797199767077
3616,3,29,5,31.330917275124435,4413.083464726959
1815,4,8,5,8.279785050198338,3096.348290478085
2148,1,10,10,7.684834329036697,1778.3958019051038
3887,1,13,5,5.123951458396329,4406.503292924412
3639,4,26,6,38.768663857321044,3903.615210058887
1135,4,18,8,-1.4942291345359262,2579.399558995304
1695,4,16,2,34.91190319766176,3544.95559607752
4346,1,29,6,28.840166606994394,4507.159878953146
1651,1,24,1,-6.176002225034346,4723.9103872373835
2487,4,28,4,39.33645507504244,3886.3092876802284
2731,5,29,10,3.5682981769505275,3726.3712689916974
4546,5,8,3,-5.070853648879384,5482.052924504135
3227,2,25,9,31.46571170628797,3423.5509260227986
2368,3,28,3,25.33377668388499,4554.181980175304
4800,5,16,6,20.86094029389504,4692.971477827544
3538,1,14,1,-2.200956815053342,5063.695923300749
4298,5,26,6,13.924805812798095,5139.635550057189
4713,2,11,4,29.02780134436069,4129.131451170093
1866,2,7,8,5.181196907192012,2821.5900418999904
3244,3,27,9,5.5844914257520735,4359.786581231268
4907,5,18,4,-9.842954697593894,6088.632771252168
4173,1,28,10,-1.2878299177310222,4084.498122434141
4769,1,14,10,33.770281256091714,3270.8376102632105
3346,4,20,6,12.087324581885355,4524.764489693225
1553,1,20,1,39.2117249617217,3125.306430249223
2882,3,26,4,9.78539817868963,5153.645564935757
3574,3,14,7,25.759322739012063,2949.9972618730203
3696,1,29,1,4.095952145236456,5927.462703007993
4985,1,17,8,8.190482057046676,4714.675050734808
1575,4,10,10,-0.46370062045526694,2262.854973200996
2425,1,16,6,7.35311842496975,3320.2983115536827
3869,4,13,5,17.361876021032156,4437.560717373434
1217,4,17,10,39.58864404896247,2222.291686600912
914,1,8,9,23.21008565358928,1208.4779955458046
1416,2,28,2,-0.03770227958429828,4274.467488031903
4774,2,15,5,-7.751927920422443,4964.905921726051
4067,4,24,6,-3.68217593427447,4641.389320999624
1625,1,22,7,18.127760063652367,3119.2721683414993
2316,2,15,5,28.25801644083832,2988.6147553690757
3946,1,29,9,37.02096036503735,3520.0790464795864
1212,1,25,1,-9.20884140015896,4813.063167428882
1528,1,8,7,16.13800707809349,2028.1667611151756
4148,5,22,10,13.543367811158838,4230.859762393342
3608,1,5,7,22.8027510987852,2586.5184268794096
1475,5,11,4,17.978942723267096,3515.5369740318574
4265,4,10,9,24.35195752912403,3448.0323557971606
3304,2,19,5,22.904129237459514,3917.3437060049096
3767,2,22,4,-4.14941375710269,5105.756321525192
3586,2,28,7,29.985895680935982,3607.2536979854594
1922,2,15,4,-3.8383712141837574,3820.167647467766
4879,2,24,3,24.926531260456855,5298.468439183882
2371,2,28,9,10.807268382030337,2991.5248492281244
2943,2,19,8,15.692536728829896,3106.326637351439
2487,4,20,1,35.164900718785525,4301.428408238534
4932,1,11,7,34.49418632367433,3443.928618042161
4651,3,25,9,30.892815282751478,3334.009522829845
4240,5,14,8,15.507419022816162,4332.767881426336
4566,3,16,8,26.811990506691657,3804.1332273392673
3126,3,28,6,15.644852775940468,3667.9178817102265
3714,1,18,4,33.480304123738875,4627.882799429041
4752,1,29,8,10.138791661644994,5095.641866161057
1395,1,9,3,38.51176722074384,2372.570040264623
1528,2,25,9,36.61613791144388,2028.9279943611118
2165,4,22,2,27.080130972589274,4361.854743776371
1498,2,9,2,3.9707942088036,3580.2821602891704
1195,4,7,7,-3.41732056033708,2778.473388646854
4971,4,27,10,32.73517250465987,3928.9104679302877
3302,3,9,4,-1.734885693101937,4565.029320153529
2619,3,28,10,32.713039449866784,2813.2005740499994
1517,4,21,8,14.538250335618024,3121.9647178843097
3582,4,23,9,10.32783919040521,3695.3614380547883
4377,2,23,7,35.15953894172146,4829.752416891617
943,2,29,5,20.192549127013894,3526.3060221492997
3940,3,25,8,18.830700356485888,5008.655675842376
3738,1,16,4,17.938297231219885,4458.514648273416
4436,4,29,2,8.55847580097657,5928.391176919863
4022,2,13,6,29.282155176456364,3924.171134547632
1967,3,5,9,2.63992220078865,2550.874901442192
3416,2,22,1,36.944748002063754,4781.102283308053
1862,4,25,10,34.69926025234804,2676.1325365626562
2956,4,8,7,6.874016283744908,3569.0378131474044
3782,5,14,10,26.473188491583187,2863.4319269386137
4094,1,29,9,18.661159722479574,3704.3192841314226
1956,5,11,10,6.882465099961731,2252.0855984164355
1532,3,26,9,39.42608239977233,2415.7410703157066
1753,2,27,10,-8.73813270758679,3134.3113027097097
3339,3,5,3,2.632301531064332,3874.1827996018287
4124,4,21,5,16.00370305555752,5024.520202044743
4101,5,28,8,16.097650173928194,4713.46044256238
2342,5,6,8,19.446653747278205,2632.745622465692
1991,5,15,4,27.58380860114596,3416.4270364249
3793,3,13,1,21.17389152596482,4709.553738771031
3481,4,11,1,20.01407302640185,4437.81919092927
2017,2,26,4,-7.324276854347835,4735.107624848158
2340,2,21,6,8.826514389464915,3432.421847714746
4036,3,21,8,1.6027869850578007,4398.761400306689
3186,5,6,6,3.268505580098772,4226.233007279634
4519,1,10,9,17.716873717017243,3205.4852022528503
2188,3,18,9,-0.02473425351957914,3382.7053272861504
2656,3,10,2,4.6974550508448765,4404.663603793804
2165,4,6,10,1.8542354258670048,2438.855560460976
1299,2,5,1,37.42514716090974,2880.1015893532312
2480,3,14,2,37.23328660855476,3666.862297047626
1310,3,25,5,20.497077929802586,3405.4912320419803
2124,5,9,4,36.226123436594996,2923.0433468003826
1955,5,6,4,29.29063227341866,3004.124490871853
2627,1,26,9,19.49739414009044,2947.9843184631422
3941,4,20,8,-9.678239425160214,4865.761316426183
4286,1,29,6,28.625814303970202,4010.634485317062
2610,5,6,1,25.124417079423445,4146.827645749176
3723,2,14,2,20.7626826641207,4647.22235714427
3014,5,6,6,28.02121558412359,3220.3804775703384
4986,4,20,2,15.646108238738286,6087.427519884881
1513,5,20,10,25.204163566066953,2266.579651665777
4402,4,23,5,36.758604336324666,4692.458066645122
4934,4,11,5,8.790250792304313,4326.232417697977
4322,4,26,6,25.40609174503127,4628.283100458807
2043,4,16,6,13.784390900547937,3602.533111341608
4509,4,28,6,23.719982590699075,4578.351827525074
1881,2,19,2,28.144666777718207,3775.5296745608593
1255,1,12,10,-7.727374978210202,1878.7923779990647
1694,3,10,3,22.330022197433095,3167.1034645198174
2184,1,14,6,1.3370592203472285,3079.9555689645763
2758,4,7,8,23.50162689037834,2284.808780904404
3872,2,23,1,13.416509296690673,5533.470808554127
2796,5,21,1,28.677637093244357,4759.568229527689
1304,2,11,2,-3.8299592397201785,3862.3879207005634
2014,4,25,6,21.316117582809756,3869.009020743463
2331,2,24,9,3.923536446377616,3654.606892199152
4240,2,8,4,32.649099766529574,3907.064028302208
1623,4,18,3,36.41917528181537,3763.702801744655
1728,2,24,8,39.819914683952774,2174.869354103658
933,3,26,10,29.800370121364168,2343.1805463411556
2905,3,19,9,27.686703521400226,3086.5830544703517
4427,2,28,5,0.7750379433775514,5467.927036886886
2652,5,12,9,6.800352949505438,3223.4126112588265
4975,4,25,2,13.284127088113976,5783.595794737082
3733,3,19,3,28.669052389112487,4184.094909240243
4084,5,26,7,35.74829325389843,4839.982590745131
3611,2,24,7,-0.5430449988507693,4365.744246517834
2050,5,18,6,36.11837423350514,3047.734488787887
4312,1,13,6,24.781232617702898,3479.6825053735542
2056,3,12,2,20.538536534251932,3272.69577766591
4176,2,21,10,-0.00793643590302473,3911.663065074376
4286,4,6,6,-7.223748359542473,4284.998590738231
4384,2,29,4,18.423244925396997,5274.055408514795
2196,4,28,3,22.57578416644462,4472.63049878576
4437,2,7,2,0.5390724677344121,5704.55687502352
4130,5,12,1,17.82281029127282,5106.969799952858
3503,5,16,5,32.82467013812868,4468.98862962046
1270,5,5,2,31.753297272751,3442.5413190584636
2153,1,14,2,36.36775902931486,3575.232104995298
3583,4,24,7,8.294290477844022,4355.076290678387
3631,5,7,8,5.9024786275459356,3139.008726609263
1157,1,10,10,27.471300299040436,1372.4571572193634
3819,4,11,8,11.55562025485025,3934.031218813278
1467,2,24,4,-5.622566798610969,4570.257575257115
1945,1,27,1,4.1400565335249855,4454.7114830554665
4985,3,29,7,10.929114276574456,5150.85979771293
4519,1,22,1,4.625821273812601,5483.824197396893
3545,1,15,4,6.610278547366082,4100.251031321602
1339,4,23,8,4.688795308719538,3325.040354096297
3579,2,9,2,-7.925041640846028,4594.2094020072
4936,3,23,6,21.854735041222128,4633.623945980455
4575,5,15,6,19.864621017673464,4779.306338763213
3308,5,28,9,22.66917492393403,4035.8381385343837
3579,1,16,5,-0.3845051983186263,4402.193463346925
1724,4,14,10,4.782727080624264,2270.479250927795
3756,4,12,4,20.980796347246116,4646.291056519488
2381,5,28,5,19.98137842299607,4295.219490736016
4124,3,13,10,15.31651546771339,4019.726732272163
1055,2,8,5,7.5206625005098715,2625.436600830816
2638,3,9,8,35.6465502387345,1656.064642671162
2744,2,25,10,6.988512114942189,2568.8670972680957
809,5,12,8,12.780957821862579,2436.065826116389
3671,2,27,2,23.90569154771044,5497.534414745033
1597,4,13,7,17.151071543338208,2470.330130156081
1815,1,19,8,7.344298818219279,3440.90765546876
2624,1,19,6,11.782239522825492,4025.254890641721
3936,5,20,5,29.724040892675305,4536.683211178839
2993,4,18,9,3.9064577743306224,3680.207027220227
1023,3,12,3,-2.887238011159229,3737.6038254397395
4958,4,22,10,5.658160091488854,5032.835267366378
4725,1,14,4,32.476710774395066,4517.606574535773
4800,1,24,9,-5.550514257182667,4667.389780824998
2433,4,10,6,39.58480366862259,2926.4942859035427
2952,4,16,8,17.050144946383124,3496.2051855071054
1310,1,6,7,39.2422871983547,1747.4773122154043
1184,3,11,2,36.94982110429888,2431.9965899901617
1204,5,20,3,12.640685710545839,3943.94232077332
2800,5,7,1,-0.07544626973254509,4789.641077668572
3556,4,17,9,-1.755761171743078,3841.26107331921
2468,5,7,7,1.9994681934978757,3479.26056939531
2260,1,22,1,25.506632028226868,4796.217645606174
4436,1,15,3,3.6474997365743924,5036.5151445998445
3524,4,12,4,7.071263480214917,4628.091054608009
4978,4,10,4,12.438940199730737,5422.100624140851
2848,4,5,5,35.661634021072814,3009.2366713611004
4946,3,5,3,-0.530329105757696,4767.067621407511
1516,5,27,3,-9.748672369509844,4987.707102116575
2623,4,12,1,-6.995179481091492,4190.903748582407
2881,2,9,7,35.2383170840059,1896.223546931078
4219,2,20,10,22.375823242168153,3561.8871492915146
2374,1,15,1,3.6520309663903383,3660.4682657476333
1049,5,9,2,-1.140374949440444,3302.757176260352
1473,4,8,4,4.713336831855717,3128.203694309789
2965,2,10,4,-4.2601536374359945,3851.278167824954
1570,5,18,5,37.07664551422205,2999.1251386514236
4762,1,26,2,29.21030871826334,5730.6548678652825
2784,3,23,4,13.119558845627036,4451.1530664966385
1877,5,13,1,33.248130255760096,3571.7412743509603
1035,5,16,2,2.4729102146616135,4374.37411754205
1188,3,15,1,25.85602842360968,3098.2222605645493
3837,5,18,10,32.80662495068717,3328.9325536178862
2648,1,27,10,7.83843558116363,2755.205495873216
3614,1,20,4,27.873222272535884,4225.230926268444
4174,3,5,4,4.753617463215468,4246.339429567912
4078,4,17,7,4.942856762951539,4714.81423819888
2052,2,27,10,-4.647141072290697,3485.1496628040827
4781,4,25,9,12.002902325469936,4424.300153893102
2922,5,25,9,26.485595324871113,3247.6062012577054
2950,2,17,5,37.011040278564245,3290.250174519082
2129,3,6,10,20.189849596454803,2423.374446081206
2158,3,8,1,33.15677688678695,4001.585006596685
3282,2,10,1,31.124732464511354,3828.0248950991777
2817,1,27,6,-1.3328473512359569,4525.224548425124
2131,2,9,2,14.290871445631574,3110.253142418189
2158,5,29,8,-4.153823223730426,3977.8737261573992
3977,1,7,9,24.107658078081748,2478.0775325796276
2928,3,5,4,37.494983412303796,3384.8841690256563
2980,2,8,5,-3.1455270960621746,3365.69528598472
937,4,29,8,26.694156540127068,2913.4219398242003
4272,4,24,3,21.61190754339305,5303.974885601928
3632,5,6,5,19.180251850404986,3779.760314073047
4379,4,9,3,9.506011734416962,5350.8546505349805
3831,2,7,10,7.756582387690628,3438.2775099464807
4964,2,13,3,-7.737540549055607,5443.432965445221
3393,4,24,3,0.8954354126006727,5174.816401567989
4618,2,10,7,-9.241155885658655,3941.761122072223
4938,5,22,7,19.070855279101025,4886.305198246217
4623,1,10,7,-4.707338206104557,4791.637740845888
4842,5,23,10,33.650969701485806,3959.3600041119066
2706,5,16,8,16.157151034858263,3548.4847642459686
1560,2,29,5,24.98449545293542,3111.0608937655124
4245,1,15,5,10.542854592024824,4231.210429239423
1699,2,6,4,18.028990450052433,2927.659782739747
3747,3,19,7,37.132958848331526,3612.599542447785
2519,2,16,10,-5.863298018816462,3224.166160699498
1080,2,16,4,2.6968885961848077,3105.2606627087043
4066,2,13,2,28.999416345527216,3978.0151084423564
2687,1,25,4,-5.063139655866707,4931.389862214015
4066,2,28,8,-6.2169448047944575,4476.494109314616
1466,1,6,9,8.077069937701928,1923.4398094965566
4988,4,26,3,-5.391602076378384,6437.089101474092
1471,3,7,7,19.253922110310153,1701.2955992841994
2769,1,16,9,1.313762540829991,3372.9623743554075
4956,4,20,4,34.78489815996862,4812.331878441936
3922,1,25,10,29.175004042262835,3344.0163057508316
4700,1,28,3,24.985260304973806,5242.840024710857
1323,3,5,5,20.847201369225097,2881.3334232853704
3193,5,25,1,33.173286517073166,5486.081332113756
3917,5,7,3,1.1531030771378443,4241.737563326026
3393,1,24,8,33.655442138211384,4001.039293808229
2768,2,6,8,29.474614921202615,2091.0156818213886
2553,4,13,4,27.408041319384274,4209.070176706866
3096,2,23,2,18.0627839037462,4659.881450283081
3061,2,19,8,2.312208048530005,3531.9808272018195
3086,1,22,8,11.177395799594816,3445.2537640847568
3678,1,15,10,29.678532726940077,2575.192451967351
4943,1,29,4,-8.411075782133778,6747.040476989642
4444,1,27,3,29.102538463187912,5067.040270940051
2855,5,20,2,2.003537024378325,4996.740329750826
2076,1,26,9,-2.7845399639198485,3316.7940265262805
3566,5,21,1,-4.214934090984892,5527.098122742286
1102,5,9,7,-8.637499402459245,3352.8861483362602
1438,1,16,5,16.179324261072644,2454.089264070608
855,3,15,8,0.9129936346864742,2275.037545184849
1325,4,19,4,39.47158828898158,3304.066327174406
4923,2,7,7,18.721837793610288,3849.768883358024
2925,5,5,5,-3.1057365321994794,4039.3792853940035
4087,4,24,5,24.43812704056827,5214.6866941942635
1164,3,20,9,34.88717832548627,2285.3968979900187
2446,2,6,9,27.25897476848072,2019.0634081727292
1718,2,6,9,-6.178006948027617,2909.3629339160916
3597,5,7,6,34.794209059632976,3164.1149741684703
2331,1,12,6,29.696469292998238,2641.477721842269
4145,3,28,5,-2.084804994719283,5405.064000443556
2706,5,19,9,-7.410705563359157,3720.4875814620896
3886,3,11,10,17.865528765715425,2714.9262275973433
2875,1,10,8,-2.1982094330011552,2606.3692411118736
1513,1,13,7,31.7295476297636,2197.069519718486
1862,5,24,7,7.916732833583687,3482.623207663129
2776,1,5,6,35.644622236828766,2997.450191957809
2096,4,12,5,18.28440860705029,3260.549130888422
925,2,27,4,-0.8663807880165937,3754.3808385128846
4396,5,27,3,-3.020056632009995,6436.703068560996
4083,3,7,3,18.823621877887696,4435.685353676562
2403,4,8,6,28.094180593122196,2786.961159801441
866,5,29,4,29.075282387109105,3409.2748279284847
1032,1,19,6,3.787870222064063,3987.553136758441
2956,1,10,3,0.2123379456083736,4182.288969766354
1969,1,19,4,-9.16218477538088,4343.072568722936
2958,1,25,9,23.95995756005847,2842.9171927287816
2293,3,7,5,-6.171587078323051,3346.5361256393585
4807,4,29,7,11.038060088296291,5866.442564721161
3272,2,25,10,20.084108200914805,3703.3971177883946
3460,3,25,2,36.855447245983854,4880.177686200308
3539,3,18,5,5.590106847788432,4343.226595505124
2561,2,24,9,2.4886081223259886,3360.517105966507
4314,2,18,3,22.70800771430492,4600.006625137064
2775,1,8,9,20.961951602679083,1921.2061689048262
3162,3,16,6,6.6054891654062295,4226.04347197018
1676,5,21,4,36.405091775489325,3621.5475313278307
4612,2,11,7,32.24311637448164,3831.961317413049
4248,2,13,8,1.1991272932540582,3848.9480577462396
2112,4,7,6,1.9571272717261596,3243.549147105426
2260,5,17,5,15.61501734435403,3638.086523620679
3509,5,19,6,28.678605086536017,3812.7354794381877
3124,2,22,5,-7.79798103057678,5118.078351454188
2533,1,23,8,24.66675768673533,3059.617035317516
2405,4,5,1,22.411794869104845,3956.500404103865
3363,5,10,7,1.5740047956494116,4100.746108244262
4221,2,27,10,24.067650662067436,3819.3592526285584
4317,5,6,10,37.00915956260413,2890.506631955464
3197,4,28,2,-7.660707751411574,5425.7266019421195
4535,4,18,9,5.982602764603126,3979.0134361769615
3670,3,10,1,11.908835833317763,4512.478856795111
1960,2,18,10,34.96301794623448,2162.377166121471
1042,4,8,6,38.11307233045783,1980.005749237463
3390,3,25,9,12.205762324816614,3532.075284373991
1863,3,12,1,27.50142060710956,3855.501240348371
3395,5,7,4,16.58305118822415,4178.875914521748
1719,5,23,4,16.889146737068824,3763.227267868814
805,3,18,9,3.9049757533178227,2316.0522215448614
1267,5,24,5,0.8478122931939751,4080.6862566542636
4970,4,21,5,4.400267296202058,5189.488047840132
803,1,29,6,17.816400362853965,3165.040022211706
1445,4,12,1,-8.54224069889555,4383.65189522698
917,3,28,1,35.36244721782029,3551.491143993286
3728,3,18,9,-2.1858145225111887,3973.6553109496544
3351,4,10,3,1.004433843569327,4665.105899125385
1646,5,27,4,15.913808822382318,3966.923485710714
3562,5,26,1,25.50573831686397,5306.700138702858
1941,3,20,9,-5.213547262780135,2872.244965976246
2610,2,29,8,5.88473487735811,3702.6056117156695
1523,5,23,2,38.43373027871786,3839.2007912944987
1024,4,18,8,3.1171483390472847,2586.3003856107584
2848,5,23,7,5.652507253157344,3715.4834854636865
2373,4,7,6,31.824924530901676,2493.4251019909784
2628,3,14,1,-7.489278415477237,4738.597936265945
2717,5,23,7,13.230658440448543,4188.938444080704
2826,4,13,10,8.980838222583511,3061.8127099814087
4544,3,24,7,5.829337995432557,5106.279563753849
1701,2,17,9,4.2849797022382266,2393.094736855545
2839,4,11,1,-5.43129475697954,4920.591128863393
809,2,18,2,5.741291467582441,2862.760220947891
1060,2,13,9,-7.847379864216571,2465.623716738628
2473,1,27,9,29.048193182221766,3088.805438525804
3019,5,29,6,9.911389697900582,4555.784655683711
2860,4,23,6,12.19519161599558,4224.7251111966225
4513,2,19,4,34.67972932250658,4058.4281309388525
2419,1,24,4,22.902749193061034,3611.1249190188323
1120,3,18,5,-9.59704483289401,3781.575668187563
2142,4,28,3,37.15874114806425,4281.201160600587
3176,2,10,1,1.857223298885561,4527.299180708858
3632,5,25,1,-4.619290762007058,6301.794510461554
3624,1,8,7,28.40640891904411,2985.361256659091
2794,2,12,1,15.023865793335908,4145.256394956634
3758,5,21,1,11.688528300900877,5540.381240800994
2838,2,13,3,2.475153984137089,4082.871612923798
4290,4,5,10,17.37357449311593,2692.395724892123
4477,4,28,4,3.719230260129372,6141.121136568043
1918,4,24,4,35.07915026435338,3487.0096647251553
2404,1,29,2,0.7602239866596392,4687.087305977734
4827,4,18,1,34.21775752278768,4970.340353390238
1035,5,15,3,17.970271286367847,2617.3042139959052
2769,2,25,4,31.424406694762048,4216.460926540455
2708,3,7,3,25.642299793047748,3729.2366102499086
1175,5,13,8,24.834755571837427,2598.716463941664
4330,5,18,10,6.217290384752786,3995.94239745389
3435,4,13,1,1.6948465736101745,5037.005310339718
2370,1,8,2,0.5443113840394069,3721.7968383282696
3360,2,8,7,32.859582852979436,2697.8410539889505
4191,1,12,4,31.021341012950998,4311.010284963036
3765,2,6,8,12.028676400615367,3133.9718973690055
4443,2,13,3,-3.3797693251772696,5252.516625303966
4650,1,18,6,9.112612598872918,4410.14569843442
1672,5,26,9,20.96717270684557,3412.9109177293008
2052,2,13,1,12.72015772399764,3450.1751816896253
2114,1,28,1,29.00946342414975,4010.653479101591
3698,2,27,8,39.881141112569274,3715.2903350189818
877,3,20,3,-0.4433955775551581,4272.551136920384
3421,5,21,5,12.982540982978623,4533.319120412796
1400,4,20,1,11.549195096041103,4016.304856360975
1865,2,16,5,5.224626637447541,3728.2062787985524
2936,3,7,6,-0.09522416398552025,3617.01401588418
3249,4,15,8,-6.715394175517039,4295.872027108614
3143,4,18,3,34.35596586118492,3797.2753573529994
2663,2,22,3,10.99243488431588,4775.15184811696
2118,1,25,10,14.844775925002445,2247.56724446947
4397,2,25,9,35.84710241004579,3645.106307952624
4562,3,9,4,28.81452387579739,4378.54434833123
2990,4,20,4,-3.474936794140789,4820.302749342544
1792,2,24,7,18.27099838038712,3448.757733186968
3512,1,9,2,12.112613825977956,3715.749718377674
2992,2,7,8,29.860553628938142,2491.0911713309483
2048,5,16,6,26.211627380597463,3559.6600622232345
3854,1,5,3,24.5202860955536,3804.382546210557
4833,3,25,9,7.027241773994845,4283.253260590092
2797,4,13,5,30.248186519962722,3745.7884880487413
4487,2,13,8,-7.380435220256939,4046.6156233620304
2951,1,8,7,-2.0187549283916386,2968.578194948969
4818,5,7,8,6.7811636488955855,3838.3360011570367
3910,1,21,7,-6.159627946535936,4368.587025046029
2770,5,6,3,1.74971387673458,4204.92378857717
997,3,28,2,31.507549149895908,3387.619000591158
3426,4,5,7,37.41257688950397,2495.654699190937
2002,3,12,3,5.230117788709524,3588.052781467144
2835,2,17,3,3.225790199441912,4116.48760164517
1277,1,27,2,3.994632612321345,4219.634815718402
2054,5,19,4,3.885954367542192,4307.6473915694205
1722,5,12,8,-8.20349089070135,3192.2319608940047
1219,1,16,1,36.345817316555404,3250.183220293233
3004,1,26,1,0.6849070785164209,5789.5993730162545
3397,2,16,5,11.000203704070248,4205.601005806742
1920,3,18,5,-9.515655862951613,4185.502391625806
3868,5,19,1,32.89775454575286,5001.66018415185
1750,2,19,6,26.557867222745863,3177.04449834353
3136,3,13,1,37.33780175868516,4032.5382076883006
3043,2,23,5,29.08077395981995,4013.319019080178
3445,5,24,9,5.685325602603262,3697.3834274932196
2657,1,26,5,2.3936679364211813,4330.496880868012
2665,1,12,6,24.88581537766465,2642.1696218959055
3712,3,25,8,8.205638750524972,4522.697921334672
3653,4,23,1,18.310750787630827,5673.0479228470185
4028,3,10,2,-9.687126448676489,5067.754312705802
4519,4,24,9,-6.905714915976238,5412.486776906887
4028,2,29,3,16.76839705908256,5242.868569960307
3171,2,23,6,18.303582322408253,3485.8226833500767
3691,5,8,5,27.572647222967184,3560.3116644318525
4556,4,27,2,-3.401734018801913,5982.7923736686835
894,5,11,7,15.65915418783894,2497.6975467790976
3474,1,8,4,-0.27761777841556956,3671.9434475665753
2755,4,26,1,-5.3401940218652655,5422.5396756954315
1593,3,16,4,10.524789703027729,3580.3698571004766
2634,1,17,6,-1.8331675955471383,3745.2571203244834
2916,1,7,7,1.0890989096159291,3082.4248781051474
4906,3,26,7,5.877728993475088,5173.245575843718
4125,1,16,7,2.9694200371598125,3991.9615700045074
3719,4,6,3,-5.62043512970268,4190.783085894154
3397,5,28,6,-5.504187757014885,4989.532288916904
4005,1,6,8,-0.33752923829159087,3549.8755200604173
1614,4,27,4,-7.4720406020230525,4465.360315457639
1145,2,13,8,21.322850983846358,2113.4894922622234
3149,4,5,2,4.366335825445098,4161.138374638253
1162,5,12,10,3.987298388453551,2499.5548561943074
3243,4,27,9,6.599914711888257,3272.606345520835
3065,3,10,9,23.13981371048608,2712.135879667285
2988,5,10,8,33.531694074174524,3228.0302226528934
3805,2,26,10,27.954346627781923,3892.7226222568
4081,3,29,10,26.376461511254746,3793.4229190021624
1784,4,22,1,14.219559280042464,4109.749367706286
2439,5,21,2,24.690277848370584,4885.636295735596
1627,2,16,6,17.638118401679158,2845.1780819247488
3530,3,10,10,0.8125264093264448,3101.058610032507
4331,2,12,5,0.4294183870525359,4289.05523999563
3735,4,23,9,4.819600343764172,3746.1417488672396
4676,2,14,5,35.540133548490665,4296.356279707493
926,1,5,2,17.370742018986295,2866.5465960478723
3977,3,29,10,26.69526885009347,3865.057823537957
3856,2,17,4,7.32793799082738,4402.227505705299
1403,4,21,9,10.385788533261263,2424.28458180203
4249,4,7,1,-3.7217210681374313,4919.259824796781
4946,2,12,1,-1.4352521089164814,5533.541489354938
4333,4,18,7,31.36782774130728,3737.387375749165
4167,5,7,3,19.241931584444103,4035.8684597238043
4168,5,20,10,6.876623294190946,4241.871037822096
4597,5,17,2,30.1425604497773,4849.929632558964
2592,1,24,9,2.32599528189915,3644.6568987912374
3661,2,28,3,38.80163493001019,4772.688814433835
4276,1,21,2,7.240880387308486,5431.48474853935
4217,4,17,8,6.8655477075613796,4720.7817596668
2445,1,10,10,5.595595276835262,1924.847304243937
2005,4,21,6,-3.8944242037856034,4192.520082890351
3830,4,18,6,-4.443142633399379,4614.5700807615585
3672,3,21,10,22.40525172670617,4109.216012454739
3872,5,12,7,33.75590222790235,3446.64362610019
2654,4,15,7,29.526025513583676,2923.7869888906407
4821,3,24,6,-2.9446202989324455,5497.053138435828
3508,5,5,4,17.27910608960332,3895.7453185453414
4302,4,11,9,-4.720422701168,3767.869565333399
2132,4,25,6,-7.735267819346127,3979.622321206171
1001,1,25,4,22.81929296923836,3631.575487131454
4307,1,21,3,16.757616684017517,4619.309176749653
1374,5,14,4,-5.898815739426457,3871.902582902679
1336,4,15,3,-8.253037679700578,4299.915995481841
2425,2,26,2,39.48782067046673,4454.092082223456
2922,1,13,5,-8.498933392546405,3800.4829471964963
1185,5,13,2,12.226412652507982,3636.116306762112
4081,4,28,6,15.230951230384779,4815.822925087992
1274,4,9,3,-4.135992609977748,3109.214223399793
1217,2,21,6,-1.5469110780141868,3450.693436466318
4400,5,13,10,7.590250320517626,3809.74608728009
1754,4,21,9,28.083793810683133,2997.4996479669007
2005,1,28,1,15.354121203013335,4348.456046749307
4920,2,25,6,21.895093727648078,5198.707093032348
2790,5,23,9,39.25872775453374,3407.595689994587
4372,2,11,4,28.400271765660484,4182.1160707291565
4958,1,27,2,11.718074907060885,5243.380030608681
3513,5,13,4,12.322096089827436,4306.287780970164
3003,2,11,1,20.93860385205025,4768.48926025023
3920,3,17,3,23.268260420945218,4733.751523028668
1766,1,15,10,15.035546291833565,2240.3089859248944
4232,1,18,9,22.243061140749,3444.3888026945297
1488,1,23,10,-8.823375279295062,2703.434632626963
4501,3,15,5,11.481143194842208,4110.673765493304
1141,3,17,6,3.9469038036738375,3279.9836890431156
2524,4,18,3,-3.5412777378444806,4956.729916173603
2592,2,17,5,-5.022674359561243,3761.194801551218
2559,4,5,8,20.159608280733373,2472.6512979328404
4012,2,12,6,16.180027357630586,3788.2770696411008
1789,3,16,4,2.6792058498184588,3866.9618711995167
3062,3,23,2,13.547502938625726,4746.740866774758
3282,4,16,9,14.611615759120415,3628.169961772492
1751,5,12,1,-0.2495509780692089,4401.8883143987305
1522,4,12,1,22.60465309408253,2944.08002144294
4189,2,25,4,29.045967819304522,4896.3967261717025
2879,4,17,7,29.573177044475948,3596.9417553877165
3517,1,16,1,20.123491535172754,4310.4116712170635
3132,2,20,9,15.581929125950705,3376.9794979733583
4176,2,5,4,-6.949642849730255,5025.980757920868
2300,5,17,3,4.391564942580292,4445.788613701865
1085,3,11,1,-5.336427661091506,4241.717212520677
4295,2,9,10,38.19115804392368,2501.0303480505704
2865,3,12,4,-3.245992688711965,4192.030567237092
1568,4,29,9,-2.4112295074448973,3420.838203770994
3857,1,18,10,34.47883091652461,2722.7872537652406
2961,5,27,6,37.196414173822895,3942.255102998619
4093,3,17,6,28.291451961745494,3541.4664264877947
1746,2,19,1,-9.729753816366507,4518.331036012341
4135,3,27,10,-9.932686452171815,4917.495665671472
4950,2,21,2,8.90503848937254,5457.7922131569985
2281,3,19,6,-2.8302314994553734,3527.2646485471146
2701,2,24,2,-9.080692892420135,5150.477569266829
4251,4,22,3,13.203334470225233,5394.788253602669
4864,2,22,4,37.153094870348575,4902.177518309225
854,2,6,5,6.190978745121569,2369.058853142177
2623,1,8,9,23.057033921434822,2171.9185709088038
4262,2,5,4,22.611767656622035,3823.49921477886
3879,1,8,9,2.554005183258388,2805.6810497448428
1632,5,22,10,22.521262441193215,2544.1571906829404
3606,1,9,3,0.6166987143445635,4558.045124645848
3290,4,23,8,-3.8996293211555475,4427.508974328811
1127,1,19,1,25.069164277984505,2988.8440763585236
4110,5,12,9,-4.327959144804163,4117.136791888808
4100,4,24,9,39.84546092946777,3385.259923653494
4475,3,21,10,-0.827379942488534,4621.696800416185
3854,3,5,2,19.707093137822877,4380.739072122057
2943,1,16,4,10.568728570629467,4229.010616626592
2111,1,23,8,-3.6806788797166448,3385.464020918791
3991,5,19,7,-8.60780462112933,4797.839592753344
3338,5,13,1,21.136614114641663,5245.02119300314
4783,2,11,5,30.337878189456305,4426.574755198379
964,5,6,7,32.1007830753372,1875.3419341675203
1622,2,13,4,14.135673653846723,3118.3865990818463
1743,4,14,1,28.87277335911928,3281.8921151583536
1574,1,6,9,23.64235667442724,1611.5231269736971
2998,4,23,5,26.21272637495666,4086.914281704952
3956,5,15,2,14.629950261090706,5301.587808902869
4495,4,17,8,21.670587012106356,4321.433912218309
4252,4,14,2,30.276295678802846,5190.350414938117
1714,4,18,3,9.894208777851151,4060.213697711298
2108,5,22,10,30.298945043379184,2334.1129595939547
4977,4,23,1,19.600842139453142,5401.689091935497
1313,2,26,2,-1.704948781460688,4143.189017522176
2720,5,13,7,-8.76579213877077,4285.362392626936
4394,4,29,10,8.137680019957603,5031.293840390681
2209,5,11,2,17.33481641481699,3936.4334461729077
3990,3,7,6,31.991017610174417,2966.891871511806
2355,2,24,3,-3.62571599298769,4455.490247358903
1604,4,10,4,30.010317384178954,3243.135399125782
2079,3,25,8,33.15045230336135,2749.1870018746413
4377,3,6,3,-2.4656256499583105,5014.54969729942
3701,5,10,10,32.57971596521095,2849.4731710851916
2187,3,7,6,39.5726783921396,2565.0474098683244
3561,2,20,1,26.341941552411875,5399.064468635874
3479,2,12,7,29.238484091249397,3331.6647608353137
2906,1,6,8,39.72076337794367,2102.6596154325052
3568,2,21,8,20.274062526297268,4207.03081921673
4753,3,13,3,5.394319100812471,5323.479248471269
3986,2,16,10,31.876541703802786,2717.584916724464
4080,5,7,1,20.724288875581564,5081.753809419214
3373,1,15,9,19.05977118604783,3089.5412389189346
3399,3,5,6,2.6817777757019137,3503.493741804782
4833,1,27,9,27.816713479144333,3954.889914677231
1036,3,17,7,-5.916636206995188,2896.8548779454313
2104,5,19,1,36.21435353973306,4018.146121954812
4230,1,9,1,6.291173038524239,4859.448593615648
2101,4,25,6,-3.6112673605004773,3919.8863665374506
3341,3,21,5,12.118326655120939,4493.979873345526
2851,4,29,9,-7.876504537173342,4326.390484931112
1241,1,27,2,24.231309713248315,3889.4343389038745
2876,4,28,8,35.13527552226781,3516.5836877236475
3980,4,29,5,31.863150356925438,4749.438016053973
3457,1,10,2,-3.631526327605946,5033.7322658481735
4598,5,25,10,-3.686443144613407,4742.9506289436085
1604,4,26,6,30.671724116213205,3667.695571492379
874,4,15,10,36.2127137301558,1163.8209304469901
2975,5,22,8,13.033491491674457,4003.5835204269247
4724,4,8,4,14.948555845688297,4442.617972088229
2889,4,7,2,5.913102069286294,4109.392380126274
840,4,17,5,34.7132559128207,2452.1631297653203
2881,2,27,2,22.245145264617797,4603.217404126511
2422,5,13,2,4.412578858368425,4331.867025888076
1141,4,25,6,4.939143552712581,3886.8996559129178
4852,5,10,10,34.56000365318012,3348.4232788716895
2874,3,16,9,-9.318298804708927,3590.8825928570614
1445,3,6,4,6.136328636331921,2862.6254382079264
1409,4,7,6,17.717834060818454,2757.2251098990637
1254,5,7,7,-2.5891268950337682,2835.2994213723514
3753,5,16,6,-5.39506229002051,4591.722652495489
2508,5,19,8,30.763816554528,2613.438501121447
4272,2,13,4,34.72021943242536,4156.484548872054
3769,3,27,1,31.180321039909472,5483.597435962449
3828,5,12,7,34.939394486867386,3221.5577587656485
3481,5,15,3,17.655598552918576,4548.76964333188
4429,2,20,6,30.612906049517093,4363.3900294479445
3867,2,29,2,9.202131919555022,5128.178944472369
2186,5,26,9,23.31339307395192,3032.0764834979946
4576,1,8,1,39.44177656945822,4512.237151098756
3666,5,5,6,1.286386191956371,4288.777807816356
4163,5,28,6,9.494987314554031,5847.334197390269
4924,2,11,5,14.00236886550428,5119.549053200041
948,2,6,5,-3.0992256489974137,2679.115357674751
4650,5,28,1,-5.948069476747161,6598.693325090358
2858,5,9,10,31.48614331608122,2626.2138140096417
1936,5,11,5,38.83971864137931,2678.127750055317
986,2,8,2,10.236253191482934,2859.6463506866457
3654,5,9,7,-5.617508190267336,3997.7703480958166
2050,5,28,3,-6.709411965471176,4929.986249256292
2133,4,5,4,34.565910318014936,2948.9709805594644
4993,1,5,3,13.190712486383998,4401.965263632012
4950,3,19,3,6.001365828119596,5630.509300626953
3511,1,24,4,13.823063561969978,5057.524764182197
2585,4,23,5,5.915204734617367,4360.838119529867
1550,3,14,1,14.451788765381,4340.986911128914
2562,5,22,4,32.97781984589684,4382.060583401848
4720,4,7,8,19.615068553104784,3895.310699948094
1281,5,15,10,24.73268864050877,1889.6003902082687
953,2,19,7,8.233533811716828,2973.9817169703947
